-- MySQL dump 10.13  Distrib 8.0.22, for Win64 (x86_64)
--
-- Host: localhost    Database: missio20_team5
-- ------------------------------------------------------
-- Server version	8.0.22

/*!40101 SET @OLD_CHARACTER_SET_CLIENT=@@CHARACTER_SET_CLIENT */;
/*!40101 SET @OLD_CHARACTER_SET_RESULTS=@@CHARACTER_SET_RESULTS */;
/*!40101 SET @OLD_COLLATION_CONNECTION=@@COLLATION_CONNECTION */;
/*!50503 SET NAMES utf8 */;
/*!40103 SET @OLD_TIME_ZONE=@@TIME_ZONE */;
/*!40103 SET TIME_ZONE='+00:00' */;
/*!40014 SET @OLD_UNIQUE_CHECKS=@@UNIQUE_CHECKS, UNIQUE_CHECKS=0 */;
/*!40014 SET @OLD_FOREIGN_KEY_CHECKS=@@FOREIGN_KEY_CHECKS, FOREIGN_KEY_CHECKS=0 */;
/*!40101 SET @OLD_SQL_MODE=@@SQL_MODE, SQL_MODE='NO_AUTO_VALUE_ON_ZERO' */;
/*!40111 SET @OLD_SQL_NOTES=@@SQL_NOTES, SQL_NOTES=0 */;

--
-- Table structure for table `help_request`
--

DROP TABLE IF EXISTS `help_request`;
/*!40101 SET @saved_cs_client     = @@character_set_client */;
/*!50503 SET character_set_client = utf8mb4 */;
CREATE TABLE `help_request` (
  `request_id` int NOT NULL AUTO_INCREMENT,
  `student_id` int DEFAULT NULL,
  `date_created` datetime DEFAULT NULL,
  `done` tinyint DEFAULT NULL,
  PRIMARY KEY (`request_id`)
) ENGINE=InnoDB AUTO_INCREMENT=6 DEFAULT CHARSET=utf8mb4 COLLATE=utf8mb4_unicode_ci;
/*!40101 SET character_set_client = @saved_cs_client */;

--
-- Dumping data for table `help_request`
--

LOCK TABLES `help_request` WRITE;
/*!40000 ALTER TABLE `help_request` DISABLE KEYS */;
INSERT INTO `help_request` VALUES (1,1,'2020-04-01 08:00:00',0),(2,2,'2020-04-02 09:00:00',0),(3,3,'2020-04-03 10:00:00',0),(4,4,'2020-04-04 11:00:00',0),(5,5,'2020-04-05 12:00:00',0);
/*!40000 ALTER TABLE `help_request` ENABLE KEYS */;
UNLOCK TABLES;

--
-- Table structure for table `project`
--

DROP TABLE IF EXISTS `project`;
/*!40101 SET @saved_cs_client     = @@character_set_client */;
/*!50503 SET character_set_client = utf8mb4 */;
CREATE TABLE `project` (
  `project_id` int NOT NULL AUTO_INCREMENT,
  `name` varchar(50) COLLATE utf8mb4_unicode_ci DEFAULT NULL,
  `project_pic` varchar(200) COLLATE utf8mb4_unicode_ci DEFAULT NULL,
  `learning_objective` mediumtext COLLATE utf8mb4_unicode_ci,
  `instructions` mediumtext COLLATE utf8mb4_unicode_ci,
  `video` varchar(200) COLLATE utf8mb4_unicode_ci DEFAULT NULL,
  `activity_type` varchar(20) COLLATE utf8mb4_unicode_ci DEFAULT NULL,
  `year_level` int DEFAULT NULL,
  `course` varchar(20) COLLATE utf8mb4_unicode_ci DEFAULT NULL,
  `subscription` varchar(8) COLLATE utf8mb4_unicode_ci DEFAULT NULL,
  `subject_matter` varchar(20) COLLATE utf8mb4_unicode_ci DEFAULT NULL,
  `total_number_projects` int DEFAULT NULL,
  PRIMARY KEY (`project_id`)
) ENGINE=InnoDB AUTO_INCREMENT=16 DEFAULT CHARSET=utf8mb4 COLLATE=utf8mb4_unicode_ci;
/*!40101 SET character_set_client = @saved_cs_client */;

--
-- Dumping data for table `project`
--

LOCK TABLES `project` WRITE;
/*!40000 ALTER TABLE `project` DISABLE KEYS */;
INSERT INTO `project` VALUES (1,'Introduction','images/projects/Project01.png',NULL,NULL,NULL,'Animation',1,'Beginner','Free','Computer Science',NULL),(2,'My Birthday','images/projects/Project02.png',NULL,NULL,NULL,'Animation',1,'Beginner','Free','Computer Science',NULL),(3,'10 Block Challenge','images/projects/Project03.png',NULL,NULL,NULL,'Animation',1,'Beginner','Free','Computer Science',NULL),(4,'Build A Band','images/projects/Project04.png',NULL,NULL,NULL,'Animation',1,'Beginner','Free','Computer Science',NULL),(5,'The Bear And The Monkey','images/projects/Project05.png',NULL,NULL,NULL,'Animation',1,'Beginner','Free','Computer Science',NULL),(6,'Debugging','images/projects/Project06.png',NULL,NULL,NULL,'Animation',1,'Beginner','Free','Computer Science',NULL),(7,'About Me','images/projects/Project07.png',NULL,NULL,NULL,'Animation',1,'Beginner','Free','Computer Science',NULL),(8,'I Am Here!','images/projects/Project08.png',NULL,NULL,NULL,'Animation',1,'Beginner','Free','Computer Science',NULL),(9,'Funny Faces','images/projects/Project09.png',NULL,NULL,NULL,'Animation',1,'Beginner','Free','Computer Science',NULL),(10,'It Tickles','images/projects/Project10.png',NULL,NULL,NULL,'Animation',1,'Beginner','Premium','Computer Science',NULL),(11,'Penguin In A Desert','images/projects/Project11.png',NULL,NULL,NULL,'Animation',1,'Beginner','Premium','Computer Science',NULL),(12,'Time Travel','images/projects/Project12.png',NULL,NULL,NULL,'Animation',1,'Advance','Premium','Computer Science',NULL),(13,'Birthday Card','images/projects/Project13.png',NULL,NULL,NULL,'Animation',1,'Intermediate','Premium','Computer Science',NULL),(14,'The Lion and the Mouse Part 1','images/projects/Project14.png',NULL,NULL,NULL,'Animation',1,'Advance','Free','Computer Science',NULL),(15,'The Lion and the Mouse Part 2','images/projects/Project15.png',NULL,NULL,NULL,'Animation',1,'Intermediate','Free','Computer Science',NULL);
/*!40000 ALTER TABLE `project` ENABLE KEYS */;
UNLOCK TABLES;

--
-- Table structure for table `roles`
--

DROP TABLE IF EXISTS `roles`;
/*!40101 SET @saved_cs_client     = @@character_set_client */;
/*!50503 SET character_set_client = utf8mb4 */;
CREATE TABLE `roles` (
  `role_id` int NOT NULL,
  `role_type` varchar(45) COLLATE utf8mb4_unicode_ci NOT NULL,
  PRIMARY KEY (`role_id`)
) ENGINE=InnoDB DEFAULT CHARSET=utf8mb4 COLLATE=utf8mb4_unicode_ci;
/*!40101 SET character_set_client = @saved_cs_client */;

--
-- Dumping data for table `roles`
--

LOCK TABLES `roles` WRITE;
/*!40000 ALTER TABLE `roles` DISABLE KEYS */;
INSERT INTO `roles` VALUES (1,'teacher'),(2,'student');
/*!40000 ALTER TABLE `roles` ENABLE KEYS */;
UNLOCK TABLES;

--
-- Table structure for table `student`
--

DROP TABLE IF EXISTS `student`;
/*!40101 SET @saved_cs_client     = @@character_set_client */;
/*!50503 SET character_set_client = utf8mb4 */;
CREATE TABLE `student` (
  `student_id` int NOT NULL AUTO_INCREMENT,
  `teacher_id` int DEFAULT NULL,
  `name` varchar(100) COLLATE utf8mb4_unicode_ci DEFAULT NULL,
  `email` varchar(100) COLLATE utf8mb4_unicode_ci DEFAULT NULL,
  `password` varchar(100) COLLATE utf8mb4_unicode_ci DEFAULT NULL,
  `gender` varchar(45) COLLATE utf8mb4_unicode_ci DEFAULT NULL,
  `school` varchar(100) COLLATE utf8mb4_unicode_ci DEFAULT NULL,
  `profile_pic` varchar(200) COLLATE utf8mb4_unicode_ci DEFAULT NULL,
  `date_of_birth` varchar(100) COLLATE utf8mb4_unicode_ci DEFAULT NULL,
  `contact_number` varchar(15) COLLATE utf8mb4_unicode_ci DEFAULT NULL,
  `course` varchar(20) COLLATE utf8mb4_unicode_ci DEFAULT NULL,
  `teacher_name` varchar(100) COLLATE utf8mb4_unicode_ci DEFAULT NULL,
  `role_id` int DEFAULT NULL,
  PRIMARY KEY (`student_id`)
) ENGINE=InnoDB AUTO_INCREMENT=17 DEFAULT CHARSET=utf8mb4 COLLATE=utf8mb4_unicode_ci;
/*!40101 SET character_set_client = @saved_cs_client */;

--
-- Dumping data for table `student`
--

LOCK TABLES `student` WRITE;
/*!40000 ALTER TABLE `student` DISABLE KEYS */;
INSERT INTO `student` VALUES (1,1,'Aiden Andrews','andrews.a@gmail.com','$2a$12$bsPwbibM4ieJ8M2fHNl1fusTVLgqqaEOq9/gZx2UQhlxJ2eZ1b/0O','male','Homai School','images/students/AidenAndrews.png','25 January 2010','022 524 63 11','Beginner','Jasmina Salvador',2),(2,1,'Alice Kindellan','kindellan.a@gmail.com','$2a$12$berQCtU5rcVl22L/3QSxdekkQYcngcYPKU2ouiHJR78Q4xJEyMWaq','female','Homai School','images/students/AliceKindellan.png','25 February 2010','022 524 63 22','Beginner','Jasmina Salvador',2),(3,1,'Courtney Bristol','bristol.c@gmail.com','123cb','female','Homai School','images/students/CourtneyBristol.png','25 March 2010','022 524 63 33','Beginner','Jasmina Salvador',2),(4,1,'Hanu Nepe','nepe.h@gmail.com','123hn','male','Homai School','images/students/HanuNepe.png','25 April 2010','022 524 63 44','Beginner','Jasmina Salvador',2),(5,1,'Harry McGrath','mcgrath.h@gmail.com','123hm','male','Homai School','images/students/HarryMcGrath.png','25 May 2010','022 524 63 55','Beginner','Jasmina Salvador',2),(6,1,'Javier Fuego','fuego.j@gmail.com','123jf','male','Homai School','images/students/JavierFuego.png','25 June 2010','022 524 63 66','Beginner','Jasmina Salvador',2),(7,1,'Lisa Horan','horan.l@gmail.com','123lh','female','Homai School','images/students/LisaHoran.png','25 July 2010','022 524 63 77','Beginner','Jasmina Salvador',2),(8,1,'Lucia Mendez','mendez.l@gmail.com','123lm','female','Homai School','images/students/LuciaMendez.png','25 August 2010','022 524 63 88','Beginner','Jasmina Salvador',2),(9,1,'Mark OLeary','oleary.m@gmail.com','123mo','male','Homai School','images/students/MarkOLeary.png','25 September 2010','022 524 64 11','Beginner','Jasmina Salvador',2),(10,1,'Nagani Cortes','cortes.n@gmail.com','123nc','female','Homai School','images/students/NaganiCortes.png','25 October 2010','022 524 64 22','Beginner','Jasmina Salvador',2),(11,1,'Neveah Machenry','machenry.n@gmail.com','123nm','female','Homai School','images/students/NeveahMachenry.png','25 November 2010','022 524 64 33','Beginner','Jasmina Salvador',2),(12,1,'Rawiri Fletcher','fletchy.r@gmail.com','123rf','male','Homai School','images/students/RawiriFletcher.png','25 December 2010','022 524 64 44','Beginner','Jasmina Salvador',2),(13,1,'Shane OMonahan','omonahan.s@gmail.com','123so','male','Homai School','images/students/ShaneOMonahan.png','25 June 2010','022 524 64 45','Beginner','Jasmina Salvador',2),(14,1,'Simon Laine','laine.s@gmail.com','123sl','male','Homai School','images/students/SimonLaine.png','26 June 2010','022 524 64 55','Beginner','Jasmina Salvador',2),(15,1,'Tokio Han','han.t@gmail.com','123th','female','Homai School','images/students/TokioHan.png','27 June 2010','022 524 64 66','Beginner','Jasmina Salvador',2);
/*!40000 ALTER TABLE `student` ENABLE KEYS */;
UNLOCK TABLES;

--
-- Table structure for table `student_projects`
--

DROP TABLE IF EXISTS `student_projects`;
/*!40101 SET @saved_cs_client     = @@character_set_client */;
/*!50503 SET character_set_client = utf8mb4 */;
CREATE TABLE `student_projects` (
  `student_id` int NOT NULL,
  `project_id` int NOT NULL,
  `date_started` datetime DEFAULT NULL,
  `date_submitted` datetime DEFAULT NULL,
  `date_completed` datetime DEFAULT NULL,
  `submission` varchar(200) COLLATE utf8mb4_unicode_ci DEFAULT NULL,
  PRIMARY KEY (`student_id`,`project_id`),
  KEY `project_id` (`project_id`),
  CONSTRAINT `student_projects_ibfk_1` FOREIGN KEY (`student_id`) REFERENCES `student` (`student_id`),
  CONSTRAINT `student_projects_ibfk_2` FOREIGN KEY (`project_id`) REFERENCES `project` (`project_id`)
) ENGINE=InnoDB DEFAULT CHARSET=utf8mb4 COLLATE=utf8mb4_unicode_ci;
/*!40101 SET character_set_client = @saved_cs_client */;

--
-- Dumping data for table `student_projects`
--

LOCK TABLES `student_projects` WRITE;
/*!40000 ALTER TABLE `student_projects` DISABLE KEYS */;
INSERT INTO `student_projects` VALUES (1,1,'2023-03-01 00:00:00','2023-03-18 00:00:00','2023-03-18 00:00:00','Introduction'),(1,3,'2023-02-05 00:00:00','2023-03-18 00:00:00','2023-03-18 00:00:00','10 Block Challenge'),(1,4,'2023-01-01 00:00:00','2023-02-18 00:00:00','2023-02-18 00:00:00','Build A Band'),(1,6,'2023-01-01 00:00:00','2023-02-05 00:00:00','2023-02-05 00:00:00','Debugging'),(1,7,'2023-03-01 00:00:00','2023-03-18 00:00:00','2023-03-18 00:00:00','About Me'),(2,2,'2023-01-01 00:00:00','2023-02-05 00:00:00','2023-02-05 00:00:00','My Birthday'),(2,11,'2023-02-05 00:00:00','2023-03-18 00:00:00','2023-03-18 00:00:00','Penguin In A Desert'),(3,1,'2023-03-01 00:00:00','2023-03-18 00:00:00','2023-03-18 00:00:00','Introduction'),(3,3,'2023-01-01 00:00:00','2023-02-05 00:00:00','2023-02-05 00:00:00','10 Block Challenge'),(3,4,'2023-01-01 00:00:00','2023-02-18 00:00:00','2023-02-18 00:00:00','Build A Band'),(3,5,'2023-01-01 00:00:00','2023-02-05 00:00:00','2023-02-05 00:00:00','The Bear And The Monkey'),(3,11,'2023-02-05 00:00:00','2023-03-18 00:00:00','2023-03-18 00:00:00','Penguin In A Desert'),(4,4,'2023-01-01 00:00:00','2023-02-05 00:00:00','2023-02-05 00:00:00','Build A Band'),(4,11,'2023-02-05 00:00:00','2023-03-18 00:00:00','2023-03-18 00:00:00','Penguin In A Desert'),(5,5,'2023-01-01 00:00:00','2023-02-05 00:00:00','2023-02-05 00:00:00','The Bear And The Monkey'),(5,11,'2023-03-01 00:00:00','2023-03-18 00:00:00','2023-03-18 00:00:00','Penguin In A Desert'),(5,12,'2023-02-01 00:00:00','2023-02-18 00:00:00','2023-02-18 00:00:00','Time Travel'),(5,13,'2023-02-01 00:00:00','2023-02-18 00:00:00','2023-02-18 00:00:00','Birthday Card'),(5,14,'2023-02-01 00:00:00','2023-02-18 00:00:00','2023-02-18 00:00:00','The Lion and the Mouse Part 1'),(5,15,'2023-02-01 00:00:00','2023-02-18 00:00:00','2023-02-18 00:00:00','The Lion and the Mouse Part 2'),(6,6,'2023-01-01 00:00:00','2023-02-05 00:00:00','2023-02-05 00:00:00','Debugging'),(6,11,'2023-03-01 00:00:00','2023-03-18 00:00:00','2023-03-18 00:00:00','Penguin In A Desert'),(7,1,'2023-01-01 00:00:00','2023-03-18 00:00:00','2023-03-18 00:00:00','Funny Faces'),(7,7,'2023-01-01 00:00:00','2023-02-05 00:00:00','2023-02-05 00:00:00','About Me'),(7,8,'2023-03-01 00:00:00','2023-02-05 00:00:00','2023-03-18 00:00:00','About Me'),(7,9,'2023-03-01 00:00:00','2023-03-18 00:00:00','2023-03-18 00:00:00','Funny Faces'),(7,10,'2023-02-01 00:00:00','2023-02-18 00:00:00','2023-02-18 00:00:00','It Tickles'),(8,8,'2023-01-01 00:00:00','2023-02-05 00:00:00','2023-02-05 00:00:00','I Am Here!'),(9,1,'2023-03-01 00:00:00','2023-03-18 00:00:00','2023-03-18 00:00:00','Introduction'),(9,2,'2023-02-01 00:00:00','2023-02-18 00:00:00','2023-02-05 00:00:00','My Birthday'),(9,3,'2023-01-01 00:00:00','2023-02-05 00:00:00','2023-02-05 00:00:00','10 Block Challenge'),(9,4,'2023-01-01 00:00:00','2023-02-18 00:00:00','2023-02-18 00:00:00','Build A Band'),(9,5,'2023-01-01 00:00:00','2023-02-05 00:00:00','2023-02-05 00:00:00','The Bear And The Monkey'),(9,6,'2023-01-01 00:00:00','2023-02-05 00:00:00','2023-02-05 00:00:00','Debugging'),(9,8,'2023-03-01 00:00:00','2023-03-18 00:00:00','2023-03-18 00:00:00','I Am Here!'),(9,9,'2023-01-01 00:00:00','2023-02-05 00:00:00','2023-02-05 00:00:00','Funny Faces'),(10,1,'2023-03-01 00:00:00','2023-03-18 00:00:00','2023-03-18 00:00:00','Introduction'),(10,2,'2023-02-01 00:00:00','2023-02-18 00:00:00','2023-02-05 00:00:00','My Birthday'),(10,3,'2023-01-01 00:00:00','2023-02-05 00:00:00','2023-02-05 00:00:00','10 Block Challenge'),(10,8,'2023-03-01 00:00:00','2023-03-18 00:00:00','2023-03-18 00:00:00','I Am Here!'),(10,10,'2023-02-01 00:00:00','2023-02-18 00:00:00','2023-02-18 00:00:00','It Tickles'),(11,7,'2023-03-01 00:00:00','2023-03-18 00:00:00','2023-03-18 00:00:00','About Me'),(11,11,'2023-02-01 00:00:00','2023-02-18 00:00:00','2023-02-18 00:00:00','Penguin In A Desert'),(12,5,'2023-03-01 00:00:00','2023-03-18 00:00:00','2023-03-18 00:00:00','The Bear And The Monkey'),(12,12,'2023-02-01 00:00:00','2023-02-18 00:00:00','2023-02-18 00:00:00','Time Travel'),(13,1,'2023-03-01 00:00:00','2023-03-18 00:00:00','2023-03-18 00:00:00','Introduction'),(13,13,'2023-02-01 00:00:00','2023-02-18 00:00:00','2023-02-18 00:00:00','Birthday Card'),(14,1,'2023-03-01 00:00:00','2023-03-18 00:00:00','2023-03-18 00:00:00','Introduction'),(14,2,'2023-02-01 00:00:00','2023-02-18 00:00:00','2023-02-05 00:00:00','My Birthday'),(14,3,'2023-01-01 00:00:00','2023-02-05 00:00:00','2023-02-05 00:00:00','10 Block Challenge'),(14,5,'2023-01-01 00:00:00','2023-02-05 00:00:00','2023-02-05 00:00:00','The Bear And The Monkey'),(14,6,'2023-01-01 00:00:00','2023-02-05 00:00:00','2023-02-05 00:00:00','Debugging'),(14,7,'2023-03-01 00:00:00','2023-03-18 00:00:00','2023-03-18 00:00:00','About Me'),(14,8,'2023-03-01 00:00:00','2023-02-05 00:00:00','2023-03-18 00:00:00','About Me'),(14,9,'2023-01-01 00:00:00','2023-03-18 00:00:00','2023-03-18 00:00:00','Funny Faces'),(14,10,'2023-02-01 00:00:00','2023-02-18 00:00:00','2023-02-18 00:00:00','It Tickles'),(14,14,'2023-02-01 00:00:00','2023-02-18 00:00:00','2023-02-18 00:00:00','The Lion and the Mouse Part 1'),(15,2,'2023-02-01 00:00:00','2023-02-18 00:00:00','2023-02-18 00:00:00','My Birthday'),(15,15,'2023-02-01 00:00:00','2023-02-18 00:00:00','2023-02-18 00:00:00','The Lion and the Mouse Part 2');
/*!40000 ALTER TABLE `student_projects` ENABLE KEYS */;
UNLOCK TABLES;

--
-- Table structure for table `teacher`
--

DROP TABLE IF EXISTS `teacher`;
/*!40101 SET @saved_cs_client     = @@character_set_client */;
/*!50503 SET character_set_client = utf8mb4 */;
CREATE TABLE `teacher` (
  `teacher_id` int NOT NULL AUTO_INCREMENT,
  `name` varchar(100) COLLATE utf8mb4_unicode_ci DEFAULT NULL,
  `email` varchar(100) COLLATE utf8mb4_unicode_ci DEFAULT NULL,
  `password` varchar(100) COLLATE utf8mb4_unicode_ci DEFAULT NULL,
  `school` varchar(100) COLLATE utf8mb4_unicode_ci DEFAULT NULL,
  `profile_pic` varchar(200) COLLATE utf8mb4_unicode_ci DEFAULT NULL,
  `date_of_birth` date DEFAULT NULL,
  `contact_number` varchar(15) COLLATE utf8mb4_unicode_ci DEFAULT NULL,
  `role_id` int DEFAULT NULL,
  PRIMARY KEY (`teacher_id`)
) ENGINE=InnoDB AUTO_INCREMENT=17 DEFAULT CHARSET=utf8mb4 COLLATE=utf8mb4_unicode_ci;
/*!40101 SET character_set_client = @saved_cs_client */;

--
-- Dumping data for table `teacher`
--

LOCK TABLES `teacher` WRITE;
/*!40000 ALTER TABLE `teacher` DISABLE KEYS */;
INSERT INTO `teacher` VALUES (1,'Jasmina Salvador','jsalvador@homai.edu','$2a$12$IvZgRgmpuejM7hE7uT9Ou.m1l/VS5vNQGFs/FaT2/OEhABjJ8QnQe','Homai School','images/teachers/JasminaSalvador.png','1985-01-01','027 754 28 80',1),(15,'N M','nayiam@gmail.com','123',NULL,NULL,NULL,NULL,NULL),(16,'A B','ab@gmail.com','123',NULL,NULL,NULL,NULL,NULL);
/*!40000 ALTER TABLE `teacher` ENABLE KEYS */;
UNLOCK TABLES;

--
-- Dumping routines for database 'missio20_team5'
--
/*!40103 SET TIME_ZONE=@OLD_TIME_ZONE */;

/*!40101 SET SQL_MODE=@OLD_SQL_MODE */;
/*!40014 SET FOREIGN_KEY_CHECKS=@OLD_FOREIGN_KEY_CHECKS */;
/*!40014 SET UNIQUE_CHECKS=@OLD_UNIQUE_CHECKS */;
/*!40101 SET CHARACTER_SET_CLIENT=@OLD_CHARACTER_SET_CLIENT */;
/*!40101 SET CHARACTER_SET_RESULTS=@OLD_CHARACTER_SET_RESULTS */;
/*!40101 SET COLLATION_CONNECTION=@OLD_COLLATION_CONNECTION */;
/*!40111 SET SQL_NOTES=@OLD_SQL_NOTES */;

-- Dump completed on 2023-04-11 14:58:03
